model,scenario,inv_r2_db,sequence,mse
EKF,full,-12.04,0,0.16212961077690125
EKF,full,-12.04,1,0.2631719410419464
EKF,full,-12.04,2,0.2063439041376114
EKF,full,-12.04,3,0.29783886671066284
EKF,full,-12.04,4,0.22499391436576843
EKF,full,-12.04,5,0.26584357023239136
EKF,full,-12.04,6,0.1724557727575302
EKF,full,-12.04,7,0.24629631638526917
EKF,full,-12.04,8,0.20050190389156342
EKF,full,-12.04,9,0.2790612280368805
EKF,full,-12.04,10,0.21538271009922028
EKF,full,-12.04,11,0.25980719923973083
EKF,full,-12.04,12,0.2125851958990097
EKF,full,-12.04,13,0.19154971837997437
EKF,full,-12.04,14,0.3030482232570648
EKF,full,-12.04,15,0.32658129930496216
EKF,full,-12.04,16,0.2901597321033478
EKF,full,-12.04,17,0.2736644446849823
EKF,full,-12.04,18,0.2509656250476837
EKF,full,-12.04,19,0.2051660418510437
EKF,full,-12.04,20,0.24171875417232513
EKF,full,-12.04,21,0.2382715791463852
EKF,full,-12.04,22,0.21965788304805756
EKF,full,-12.04,23,0.35112911462783813
EKF,full,-12.04,24,0.2567439675331116
EKF,full,-12.04,25,0.30289191007614136
EKF,full,-12.04,26,0.18364915251731873
EKF,full,-12.04,27,0.3671432137489319
EKF,full,-12.04,28,0.1496141254901886
EKF,full,-12.04,29,0.26463833451271057
REKF,full,-12.04,0,0.16359806060791016
REKF,full,-12.04,1,0.2673962116241455
REKF,full,-12.04,2,0.2081713080406189
REKF,full,-12.04,3,0.2998962104320526
REKF,full,-12.04,4,0.2266557514667511
REKF,full,-12.04,5,0.26766902208328247
REKF,full,-12.04,6,0.17364828288555145
REKF,full,-12.04,7,0.24261435866355896
REKF,full,-12.04,8,0.1991102397441864
REKF,full,-12.04,9,0.27806735038757324
REKF,full,-12.04,10,0.21533319354057312
REKF,full,-12.04,11,0.25950467586517334
REKF,full,-12.04,12,0.2165994495153427
REKF,full,-12.04,13,0.1927463412284851
REKF,full,-12.04,14,0.3054640293121338
REKF,full,-12.04,15,0.32761767506599426
REKF,full,-12.04,16,0.2925339639186859
REKF,full,-12.04,17,0.27625277638435364
REKF,full,-12.04,18,0.2526417672634125
REKF,full,-12.04,19,0.20512144267559052
REKF,full,-12.04,20,0.24337640404701233
REKF,full,-12.04,21,0.23952259123325348
REKF,full,-12.04,22,0.2224155068397522
REKF,full,-12.04,23,0.3546614348888397
REKF,full,-12.04,24,0.2561517655849457
REKF,full,-12.04,25,0.3019919991493225
REKF,full,-12.04,26,0.18682700395584106
REKF,full,-12.04,27,0.3586256504058838
REKF,full,-12.04,28,0.14724718034267426
REKF,full,-12.04,29,0.26497843861579895
KalmanNet,full,-12.04,0,0.1595495194196701
KalmanNet,full,-12.04,1,0.252349853515625
KalmanNet,full,-12.04,2,0.1896829605102539
KalmanNet,full,-12.04,3,0.26070302724838257
KalmanNet,full,-12.04,4,0.24208469688892365
KalmanNet,full,-12.04,5,0.2487574815750122
KalmanNet,full,-12.04,6,0.1703370213508606
KalmanNet,full,-12.04,7,0.21677140891551971
KalmanNet,full,-12.04,8,0.187795028090477
KalmanNet,full,-12.04,9,0.24037013947963715
KalmanNet,full,-12.04,10,0.20217128098011017
KalmanNet,full,-12.04,11,0.23261328041553497
KalmanNet,full,-12.04,12,0.2206367701292038
KalmanNet,full,-12.04,13,0.18233110010623932
KalmanNet,full,-12.04,14,0.31619688868522644
KalmanNet,full,-12.04,15,0.30543601512908936
KalmanNet,full,-12.04,16,0.2815413177013397
KalmanNet,full,-12.04,17,0.2325376570224762
KalmanNet,full,-12.04,18,0.23976202309131622
KalmanNet,full,-12.04,19,0.21098901331424713
KalmanNet,full,-12.04,20,0.23734509944915771
KalmanNet,full,-12.04,21,0.21195194125175476
KalmanNet,full,-12.04,22,0.19301505386829376
KalmanNet,full,-12.04,23,0.3249792158603668
KalmanNet,full,-12.04,24,0.2456846684217453
KalmanNet,full,-12.04,25,0.2702721655368805
KalmanNet,full,-12.04,26,0.19343142211437225
KalmanNet,full,-12.04,27,0.3084239363670349
KalmanNet,full,-12.04,28,0.14455656707286835
KalmanNet,full,-12.04,29,0.2509579658508301
Original,full,-12.04,0,0.16918618977069855
Original,full,-12.04,1,0.2817367613315582
Original,full,-12.04,2,0.21692417562007904
Original,full,-12.04,3,0.3095346689224243
Original,full,-12.04,4,0.23717306554317474
Original,full,-12.04,5,0.4019463062286377
Original,full,-12.04,6,0.17910635471343994
Original,full,-12.04,7,0.240030437707901
Original,full,-12.04,8,0.19995206594467163
Original,full,-12.04,9,0.30632689595222473
Original,full,-12.04,10,0.22180436551570892
Original,full,-12.04,11,0.2622421681880951
Original,full,-12.04,12,0.4371603727340698
Original,full,-12.04,13,0.19948343932628632
Original,full,-12.04,14,0.36114758253097534
Original,full,-12.04,15,0.33371222019195557
Original,full,-12.04,16,0.4331224858760834
Original,full,-12.04,17,0.2813470959663391
Original,full,-12.04,18,0.25743916630744934
Original,full,-12.04,19,0.21040794253349304
Original,full,-12.04,20,0.25156068801879883
Original,full,-12.04,21,0.25162768363952637
Original,full,-12.04,22,0.22809959948062897
Original,full,-12.04,23,0.36216533184051514
Original,full,-12.04,24,0.25857335329055786
Original,full,-12.04,25,0.31571996212005615
Original,full,-12.04,26,0.19400595128536224
Original,full,-12.04,27,0.3609321117401123
Original,full,-12.04,28,0.1492472141981125
Original,full,-12.04,29,0.26605716347694397
Proposed,full,-12.04,0,0.1625574231147766
Proposed,full,-12.04,1,0.26529306173324585
Proposed,full,-12.04,2,0.20679424703121185
Proposed,full,-12.04,3,0.29912903904914856
Proposed,full,-12.04,4,0.22557708621025085
Proposed,full,-12.04,5,0.26658767461776733
Proposed,full,-12.04,6,0.17358949780464172
Proposed,full,-12.04,7,0.24473953247070312
Proposed,full,-12.04,8,0.19920337200164795
Proposed,full,-12.04,9,0.27844491600990295
Proposed,full,-12.04,10,0.21542476117610931
Proposed,full,-12.04,11,0.2591053247451782
Proposed,full,-12.04,12,0.21406137943267822
Proposed,full,-12.04,13,0.19134467840194702
Proposed,full,-12.04,14,0.30395472049713135
Proposed,full,-12.04,15,0.3271496295928955
Proposed,full,-12.04,16,0.290825754404068
Proposed,full,-12.04,17,0.2750597298145294
Proposed,full,-12.04,18,0.25180160999298096
Proposed,full,-12.04,19,0.20508494973182678
Proposed,full,-12.04,20,0.24223917722702026
Proposed,full,-12.04,21,0.23827561736106873
Proposed,full,-12.04,22,0.22121234238147736
Proposed,full,-12.04,23,0.3538125157356262
Proposed,full,-12.04,24,0.25608956813812256
Proposed,full,-12.04,25,0.3027056157588959
Proposed,full,-12.04,26,0.1847546249628067
Proposed,full,-12.04,27,0.362509161233902
Proposed,full,-12.04,28,0.14802215993404388
Proposed,full,-12.04,29,0.2646452784538269
EKF,partial,-12.04,0,0.8251729011535645
EKF,partial,-12.04,1,1.1286654472351074
EKF,partial,-12.04,2,0.4028193950653076
EKF,partial,-12.04,3,0.48370498418807983
EKF,partial,-12.04,4,0.5475867986679077
EKF,partial,-12.04,5,0.5681473016738892
EKF,partial,-12.04,6,0.5016941428184509
EKF,partial,-12.04,7,0.7798161506652832
EKF,partial,-12.04,8,0.3816588222980499
EKF,partial,-12.04,9,0.2782706320285797
EKF,partial,-12.04,10,0.48762986063957214
EKF,partial,-12.04,11,0.3857046067714691
EKF,partial,-12.04,12,0.8040888905525208
EKF,partial,-12.04,13,1.081466794013977
EKF,partial,-12.04,14,0.759611964225769
EKF,partial,-12.04,15,0.5046868324279785
EKF,partial,-12.04,16,0.39431828260421753
EKF,partial,-12.04,17,0.2550692856311798
EKF,partial,-12.04,18,0.9844906330108643
EKF,partial,-12.04,19,0.5639340281486511
EKF,partial,-12.04,20,0.8487606644630432
EKF,partial,-12.04,21,0.7989346981048584
EKF,partial,-12.04,22,0.27932417392730713
EKF,partial,-12.04,23,0.4697228670120239
EKF,partial,-12.04,24,0.3688619136810303
EKF,partial,-12.04,25,0.6660265922546387
EKF,partial,-12.04,26,0.7096356153488159
EKF,partial,-12.04,27,0.47115716338157654
EKF,partial,-12.04,28,0.8122376799583435
EKF,partial,-12.04,29,0.5623831152915955
REKF,partial,-12.04,0,0.8134472370147705
REKF,partial,-12.04,1,1.1396235227584839
REKF,partial,-12.04,2,0.322759211063385
REKF,partial,-12.04,3,0.7116973996162415
REKF,partial,-12.04,4,1.2353699207305908
REKF,partial,-12.04,5,0.5100089907646179
REKF,partial,-12.04,6,0.533135712146759
REKF,partial,-12.04,7,0.6211092472076416
REKF,partial,-12.04,8,0.338215172290802
REKF,partial,-12.04,9,0.3964000642299652
REKF,partial,-12.04,10,0.6263584494590759
REKF,partial,-12.04,11,0.3878917992115021
REKF,partial,-12.04,12,1.0243239402770996
REKF,partial,-12.04,13,0.5949448347091675
REKF,partial,-12.04,14,0.7829736471176147
REKF,partial,-12.04,15,0.7594888210296631
REKF,partial,-12.04,16,0.769096851348877
REKF,partial,-12.04,17,0.25947487354278564
REKF,partial,-12.04,18,1.0027743577957153
REKF,partial,-12.04,19,0.5940529108047485
REKF,partial,-12.04,20,0.7021076083183289
REKF,partial,-12.04,21,0.6522619724273682
REKF,partial,-12.04,22,0.6606357097625732
REKF,partial,-12.04,23,0.4730856418609619
REKF,partial,-12.04,24,0.4630672335624695
REKF,partial,-12.04,25,0.8447121381759644
REKF,partial,-12.04,26,0.7769109606742859
REKF,partial,-12.04,27,0.3941481113433838
REKF,partial,-12.04,28,0.5322763323783875
REKF,partial,-12.04,29,0.6621948480606079
KalmanNet,partial,-12.04,0,0.17282456159591675
KalmanNet,partial,-12.04,1,0.26769188046455383
KalmanNet,partial,-12.04,2,0.178891122341156
KalmanNet,partial,-12.04,3,0.24930736422538757
KalmanNet,partial,-12.04,4,0.23516054451465607
KalmanNet,partial,-12.04,5,0.2615160644054413
KalmanNet,partial,-12.04,6,0.18062210083007812
KalmanNet,partial,-12.04,7,0.2220601886510849
KalmanNet,partial,-12.04,8,0.20493502914905548
KalmanNet,partial,-12.04,9,0.24508430063724518
KalmanNet,partial,-12.04,10,0.22448596358299255
KalmanNet,partial,-12.04,11,0.23901702463626862
KalmanNet,partial,-12.04,12,0.22582626342773438
KalmanNet,partial,-12.04,13,0.19455485045909882
KalmanNet,partial,-12.04,14,0.3125287592411041
KalmanNet,partial,-12.04,15,0.3058982789516449
KalmanNet,partial,-12.04,16,0.27911317348480225
KalmanNet,partial,-12.04,17,0.20652922987937927
KalmanNet,partial,-12.04,18,0.2411065250635147
KalmanNet,partial,-12.04,19,0.20400673151016235
KalmanNet,partial,-12.04,20,0.2487623393535614
KalmanNet,partial,-12.04,21,0.20114576816558838
KalmanNet,partial,-12.04,22,0.1836947649717331
KalmanNet,partial,-12.04,23,0.30931684374809265
KalmanNet,partial,-12.04,24,0.2551247775554657
KalmanNet,partial,-12.04,25,0.2769142687320709
KalmanNet,partial,-12.04,26,0.18713408708572388
KalmanNet,partial,-12.04,27,0.295409232378006
KalmanNet,partial,-12.04,28,0.13485123217105865
KalmanNet,partial,-12.04,29,0.25787997245788574
Original,partial,-12.04,0,1.9761494398117065
Original,partial,-12.04,1,1.5680590867996216
Original,partial,-12.04,2,1.557587742805481
Original,partial,-12.04,3,1.1960018873214722
Original,partial,-12.04,4,1.064948558807373
Original,partial,-12.04,5,1.7532017230987549
Original,partial,-12.04,6,2.1079540252685547
Original,partial,-12.04,7,1.472873568534851
Original,partial,-12.04,8,1.553123950958252
Original,partial,-12.04,9,1.6421923637390137
Original,partial,-12.04,10,1.7988677024841309
Original,partial,-12.04,11,1.519156813621521
Original,partial,-12.04,12,2.7226784229278564
Original,partial,-12.04,13,2.450432062149048
Original,partial,-12.04,14,1.8157932758331299
Original,partial,-12.04,15,1.070706844329834
Original,partial,-12.04,16,2.2971484661102295
Original,partial,-12.04,17,1.7032783031463623
Original,partial,-12.04,18,2.5297536849975586
Original,partial,-12.04,19,2.1281497478485107
Original,partial,-12.04,20,1.5052341222763062
Original,partial,-12.04,21,1.5370906591415405
Original,partial,-12.04,22,3.1055819988250732
Original,partial,-12.04,23,2.5550377368927
Original,partial,-12.04,24,1.6572800874710083
Original,partial,-12.04,25,2.5508856773376465
Original,partial,-12.04,26,0.9454088807106018
Original,partial,-12.04,27,0.9461421370506287
Original,partial,-12.04,28,1.0019809007644653
Original,partial,-12.04,29,1.034878134727478
Proposed,partial,-12.04,0,0.8262874484062195
Proposed,partial,-12.04,1,1.1109753847122192
Proposed,partial,-12.04,2,0.5870721936225891
Proposed,partial,-12.04,3,0.7227393388748169
Proposed,partial,-12.04,4,1.1964062452316284
Proposed,partial,-12.04,5,0.5220428705215454
Proposed,partial,-12.04,6,0.626081109046936
Proposed,partial,-12.04,7,0.7835241556167603
Proposed,partial,-12.04,8,0.7502655982971191
Proposed,partial,-12.04,9,0.358692467212677
Proposed,partial,-12.04,10,0.6237187385559082
Proposed,partial,-12.04,11,0.38639602065086365
Proposed,partial,-12.04,12,0.9529976844787598
Proposed,partial,-12.04,13,0.5813676714897156
Proposed,partial,-12.04,14,0.6879405379295349
Proposed,partial,-12.04,15,0.7125627994537354
Proposed,partial,-12.04,16,0.3869447708129883
Proposed,partial,-12.04,17,0.25862598419189453
Proposed,partial,-12.04,18,0.9961705803871155
Proposed,partial,-12.04,19,0.5839430093765259
Proposed,partial,-12.04,20,0.8430092334747314
Proposed,partial,-12.04,21,0.6874035596847534
Proposed,partial,-12.04,22,0.6529958844184875
Proposed,partial,-12.04,23,0.4726824164390564
Proposed,partial,-12.04,24,0.4152204096317291
Proposed,partial,-12.04,25,0.841126561164856
Proposed,partial,-12.04,26,1.0941871404647827
Proposed,partial,-12.04,27,0.7333996295928955
Proposed,partial,-12.04,28,0.5125830173492432
Proposed,partial,-12.04,29,0.8822752237319946
EKF,full,-6.02,0,0.03657212108373642
EKF,full,-6.02,1,0.05127990245819092
EKF,full,-6.02,2,0.04053841531276703
EKF,full,-6.02,3,0.05329811945557594
EKF,full,-6.02,4,0.048061810433864594
EKF,full,-6.02,5,0.0504869669675827
EKF,full,-6.02,6,0.037479184567928314
EKF,full,-6.02,7,0.0495520643889904
EKF,full,-6.02,8,0.042525481432676315
EKF,full,-6.02,9,0.05164135619997978
EKF,full,-6.02,10,0.044061269611120224
EKF,full,-6.02,11,0.04856366291642189
EKF,full,-6.02,12,0.04350533336400986
EKF,full,-6.02,13,0.040452055633068085
EKF,full,-6.02,14,0.058527640998363495
EKF,full,-6.02,15,0.055096954107284546
EKF,full,-6.02,16,0.05530312657356262
EKF,full,-6.02,17,0.046454768627882004
EKF,full,-6.02,18,0.045068301260471344
EKF,full,-6.02,19,0.04591367393732071
EKF,full,-6.02,20,0.045947957783937454
EKF,full,-6.02,21,0.04664124548435211
EKF,full,-6.02,22,0.04167025908827782
EKF,full,-6.02,23,0.05982524901628494
EKF,full,-6.02,24,0.04783032462000847
EKF,full,-6.02,25,0.04796481505036354
EKF,full,-6.02,26,0.041399773210287094
EKF,full,-6.02,27,0.05976559966802597
EKF,full,-6.02,28,0.033464789390563965
EKF,full,-6.02,29,0.044693268835544586
REKF,full,-6.02,0,0.03674982860684395
REKF,full,-6.02,1,0.051844771951436996
REKF,full,-6.02,2,0.04053693264722824
REKF,full,-6.02,3,0.053756631910800934
REKF,full,-6.02,4,0.048245977610349655
REKF,full,-6.02,5,0.050675198435783386
REKF,full,-6.02,6,0.037829115986824036
REKF,full,-6.02,7,0.049421243369579315
REKF,full,-6.02,8,0.04225359484553337
REKF,full,-6.02,9,0.05159182474017143
REKF,full,-6.02,10,0.04404596984386444
REKF,full,-6.02,11,0.0485045425593853
REKF,full,-6.02,12,0.044048458337783813
REKF,full,-6.02,13,0.04050123691558838
REKF,full,-6.02,14,0.05895227938890457
REKF,full,-6.02,15,0.05508073791861534
REKF,full,-6.02,16,0.05569370836019516
REKF,full,-6.02,17,0.04674188792705536
REKF,full,-6.02,18,0.04507940262556076
REKF,full,-6.02,19,0.045858096331357956
REKF,full,-6.02,20,0.04600222036242485
REKF,full,-6.02,21,0.04687279835343361
REKF,full,-6.02,22,0.04217948019504547
REKF,full,-6.02,23,0.06051592901349068
REKF,full,-6.02,24,0.04751439392566681
REKF,full,-6.02,25,0.04800055921077728
REKF,full,-6.02,26,0.0418708473443985
REKF,full,-6.02,27,0.0592278428375721
REKF,full,-6.02,28,0.033191781491041183
REKF,full,-6.02,29,0.04478788748383522
KalmanNet,full,-6.02,0,0.03596661239862442
KalmanNet,full,-6.02,1,0.051484495401382446
KalmanNet,full,-6.02,2,0.04059995710849762
KalmanNet,full,-6.02,3,0.050938744097948074
KalmanNet,full,-6.02,4,0.05008545517921448
KalmanNet,full,-6.02,5,0.049915727227926254
KalmanNet,full,-6.02,6,0.0381062775850296
KalmanNet,full,-6.02,7,0.04838978126645088
KalmanNet,full,-6.02,8,0.04158642143011093
KalmanNet,full,-6.02,9,0.050141796469688416
KalmanNet,full,-6.02,10,0.0426817312836647
KalmanNet,full,-6.02,11,0.04754377901554108
KalmanNet,full,-6.02,12,0.045046091079711914
KalmanNet,full,-6.02,13,0.04110722243785858
KalmanNet,full,-6.02,14,0.061405766755342484
KalmanNet,full,-6.02,15,0.05515679344534874
KalmanNet,full,-6.02,16,0.05618681758642197
KalmanNet,full,-6.02,17,0.04353642091155052
KalmanNet,full,-6.02,18,0.04587550461292267
KalmanNet,full,-6.02,19,0.04741169139742851
KalmanNet,full,-6.02,20,0.04605386406183243
KalmanNet,full,-6.02,21,0.0448295958340168
KalmanNet,full,-6.02,22,0.039976101368665695
KalmanNet,full,-6.02,23,0.05949985980987549
KalmanNet,full,-6.02,24,0.04752378538250923
KalmanNet,full,-6.02,25,0.046179261058568954
KalmanNet,full,-6.02,26,0.04282546043395996
KalmanNet,full,-6.02,27,0.05592068284749985
KalmanNet,full,-6.02,28,0.032724566757678986
KalmanNet,full,-6.02,29,0.04458354040980339
Original,full,-6.02,0,0.03820261359214783
Original,full,-6.02,1,0.05412159115076065
Original,full,-6.02,2,0.04210389032959938
Original,full,-6.02,3,0.05576874315738678
Original,full,-6.02,4,0.050079479813575745
Original,full,-6.02,5,0.052426528185606
Original,full,-6.02,6,0.03962721675634384
Original,full,-6.02,7,0.04985330253839493
Original,full,-6.02,8,0.04277697578072548
Original,full,-6.02,9,0.0525786355137825
Original,full,-6.02,10,0.04493705928325653
Original,full,-6.02,11,0.049262844026088715
Original,full,-6.02,12,0.04683695733547211
Original,full,-6.02,13,0.04202224686741829
Original,full,-6.02,14,0.060839444398880005
Original,full,-6.02,15,0.05590035766363144
Original,full,-6.02,16,0.058182284235954285
Original,full,-6.02,17,0.04809744283556938
Original,full,-6.02,18,0.04567370563745499
Original,full,-6.02,19,0.04683356359601021
Original,full,-6.02,20,0.047111403197050095
Original,full,-6.02,21,0.04848450794816017
Original,full,-6.02,22,0.0441267266869545
Original,full,-6.02,23,0.06277047842741013
Original,full,-6.02,24,0.04768461734056473
Original,full,-6.02,25,0.0493149571120739
Original,full,-6.02,26,0.04380151629447937
Original,full,-6.02,27,0.0584532767534256
Original,full,-6.02,28,0.033689945936203
Original,full,-6.02,29,0.04609581083059311
Proposed,full,-6.02,0,0.0366876944899559
Proposed,full,-6.02,1,0.05167071521282196
Proposed,full,-6.02,2,0.040545620024204254
Proposed,full,-6.02,3,0.053640250116586685
Proposed,full,-6.02,4,0.04818934574723244
Proposed,full,-6.02,5,0.05060259997844696
Proposed,full,-6.02,6,0.03779328987002373
Proposed,full,-6.02,7,0.04946722090244293
Proposed,full,-6.02,8,0.042237453162670135
Proposed,full,-6.02,9,0.05163823440670967
Proposed,full,-6.02,10,0.04401646926999092
Proposed,full,-6.02,11,0.048503294587135315
Proposed,full,-6.02,12,0.04388394206762314
Proposed,full,-6.02,13,0.040410950779914856
Proposed,full,-6.02,14,0.0589248389005661
Proposed,full,-6.02,15,0.05508309230208397
Proposed,full,-6.02,16,0.055586282163858414
Proposed,full,-6.02,17,0.046653565019369125
Proposed,full,-6.02,18,0.04511067271232605
Proposed,full,-6.02,19,0.04591459408402443
Proposed,full,-6.02,20,0.0459909625351429
Proposed,full,-6.02,21,0.04672188684344292
Proposed,full,-6.02,22,0.042048946022987366
Proposed,full,-6.02,23,0.06040974706411362
Proposed,full,-6.02,24,0.04758103936910629
Proposed,full,-6.02,25,0.04806922748684883
Proposed,full,-6.02,26,0.04167066887021065
Proposed,full,-6.02,27,0.05931772291660309
Proposed,full,-6.02,28,0.03324216976761818
Proposed,full,-6.02,29,0.04474426433444023
EKF,partial,-6.02,0,0.16694732010364532
EKF,partial,-6.02,1,0.4729440212249756
EKF,partial,-6.02,2,0.1435081511735916
EKF,partial,-6.02,3,0.23437610268592834
EKF,partial,-6.02,4,0.21688473224639893
EKF,partial,-6.02,5,0.20352508127689362
EKF,partial,-6.02,6,0.21664093434810638
EKF,partial,-6.02,7,0.44077208638191223
EKF,partial,-6.02,8,0.5612642765045166
EKF,partial,-6.02,9,0.17701122164726257
EKF,partial,-6.02,10,0.17663097381591797
EKF,partial,-6.02,11,0.19049282371997833
EKF,partial,-6.02,12,0.4505806863307953
EKF,partial,-6.02,13,0.1807422637939453
EKF,partial,-6.02,14,0.32042476534843445
EKF,partial,-6.02,15,0.1544884443283081
EKF,partial,-6.02,16,0.32963553071022034
EKF,partial,-6.02,17,0.12613996863365173
EKF,partial,-6.02,18,0.15602611005306244
EKF,partial,-6.02,19,0.17618556320667267
EKF,partial,-6.02,20,0.20885111391544342
EKF,partial,-6.02,21,0.20917172729969025
EKF,partial,-6.02,22,0.13833878934383392
EKF,partial,-6.02,23,0.2532331645488739
EKF,partial,-6.02,24,0.18936508893966675
EKF,partial,-6.02,25,0.9090684652328491
EKF,partial,-6.02,26,0.20485760271549225
EKF,partial,-6.02,27,0.28456610441207886
EKF,partial,-6.02,28,0.17580977082252502
EKF,partial,-6.02,29,0.31563809514045715
REKF,partial,-6.02,0,0.15652835369110107
REKF,partial,-6.02,1,0.5851357579231262
REKF,partial,-6.02,2,0.12257055938243866
REKF,partial,-6.02,3,0.7554503083229065
REKF,partial,-6.02,4,0.23411129415035248
REKF,partial,-6.02,5,0.18639707565307617
REKF,partial,-6.02,6,0.46356743574142456
REKF,partial,-6.02,7,0.6156577467918396
REKF,partial,-6.02,8,0.1736525148153305
REKF,partial,-6.02,9,0.3494075834751129
REKF,partial,-6.02,10,0.15273107588291168
REKF,partial,-6.02,11,0.1911308914422989
REKF,partial,-6.02,12,0.3573542535305023
REKF,partial,-6.02,13,0.16844844818115234
REKF,partial,-6.02,14,0.5424523949623108
REKF,partial,-6.02,15,0.13400447368621826
REKF,partial,-6.02,16,0.3784087300300598
REKF,partial,-6.02,17,0.10809846222400665
REKF,partial,-6.02,18,0.13311661779880524
REKF,partial,-6.02,19,0.155781552195549
REKF,partial,-6.02,20,0.8524324893951416
REKF,partial,-6.02,21,0.20527797937393188
REKF,partial,-6.02,22,0.11878412216901779
REKF,partial,-6.02,23,0.5410829186439514
REKF,partial,-6.02,24,0.3501923680305481
REKF,partial,-6.02,25,1.3473618030548096
REKF,partial,-6.02,26,0.5931426286697388
REKF,partial,-6.02,27,0.21705666184425354
REKF,partial,-6.02,28,0.4428744912147522
REKF,partial,-6.02,29,0.9500616192817688
KalmanNet,partial,-6.02,0,0.049918271601200104
KalmanNet,partial,-6.02,1,0.07058565318584442
KalmanNet,partial,-6.02,2,0.047336820513010025
KalmanNet,partial,-6.02,3,0.05748949572443962
KalmanNet,partial,-6.02,4,0.05784434825181961
KalmanNet,partial,-6.02,5,0.06081210449337959
KalmanNet,partial,-6.02,6,0.04778284952044487
KalmanNet,partial,-6.02,7,0.06050073727965355
KalmanNet,partial,-6.02,8,0.05763821676373482
KalmanNet,partial,-6.02,9,0.06329075992107391
KalmanNet,partial,-6.02,10,0.055437121540308
KalmanNet,partial,-6.02,11,0.05147339031100273
KalmanNet,partial,-6.02,12,0.05559511482715607
KalmanNet,partial,-6.02,13,0.04889639467000961
KalmanNet,partial,-6.02,14,0.0722380131483078
KalmanNet,partial,-6.02,15,0.05756908282637596
KalmanNet,partial,-6.02,16,0.06518547236919403
KalmanNet,partial,-6.02,17,0.04551166668534279
KalmanNet,partial,-6.02,18,0.050454430282115936
KalmanNet,partial,-6.02,19,0.05106363445520401
KalmanNet,partial,-6.02,20,0.06103619560599327
KalmanNet,partial,-6.02,21,0.051368214190006256
KalmanNet,partial,-6.02,22,0.04789286479353905
KalmanNet,partial,-6.02,23,0.060631342232227325
KalmanNet,partial,-6.02,24,0.05627376586198807
KalmanNet,partial,-6.02,25,0.05789580196142197
KalmanNet,partial,-6.02,26,0.05028973147273064
KalmanNet,partial,-6.02,27,0.06535624712705612
KalmanNet,partial,-6.02,28,0.03962213173508644
KalmanNet,partial,-6.02,29,0.052254434674978256
Original,partial,-6.02,0,0.4908016324043274
Original,partial,-6.02,1,0.2941576838493347
Original,partial,-6.02,2,1.085770606994629
Original,partial,-6.02,3,1.5002593994140625
Original,partial,-6.02,4,1.6334736347198486
Original,partial,-6.02,5,0.4786597490310669
Original,partial,-6.02,6,0.7503604292869568
Original,partial,-6.02,7,1.583757758140564
Original,partial,-6.02,8,0.1767367124557495
Original,partial,-6.02,9,0.7943275570869446
Original,partial,-6.02,10,0.6373530030250549
Original,partial,-6.02,11,0.4236595928668976
Original,partial,-6.02,12,0.7942378520965576
Original,partial,-6.02,13,1.1887729167938232
Original,partial,-6.02,14,1.301842451095581
Original,partial,-6.02,15,0.6923623085021973
Original,partial,-6.02,16,1.4203888177871704
Original,partial,-6.02,17,0.7112200260162354
Original,partial,-6.02,18,1.6249642372131348
Original,partial,-6.02,19,1.4705078601837158
Original,partial,-6.02,20,1.24884831905365
Original,partial,-6.02,21,1.0932259559631348
Original,partial,-6.02,22,0.5800909399986267
Original,partial,-6.02,23,0.7125905752182007
Original,partial,-6.02,24,1.6794028282165527
Original,partial,-6.02,25,0.6359925866127014
Original,partial,-6.02,26,1.3431875705718994
Original,partial,-6.02,27,1.0961642265319824
Original,partial,-6.02,28,0.6237141489982605
Original,partial,-6.02,29,0.744953453540802
Proposed,partial,-6.02,0,0.162622332572937
Proposed,partial,-6.02,1,0.22492054104804993
Proposed,partial,-6.02,2,0.138845294713974
Proposed,partial,-6.02,3,0.6805052161216736
Proposed,partial,-6.02,4,0.21071204543113708
Proposed,partial,-6.02,5,0.20032760500907898
Proposed,partial,-6.02,6,0.21480850875377655
Proposed,partial,-6.02,7,0.6445713043212891
Proposed,partial,-6.02,8,0.22242039442062378
Proposed,partial,-6.02,9,0.1709955930709839
Proposed,partial,-6.02,10,0.16944226622581482
Proposed,partial,-6.02,11,0.1870025098323822
Proposed,partial,-6.02,12,0.9159783124923706
Proposed,partial,-6.02,13,0.17576327919960022
Proposed,partial,-6.02,14,0.4367877244949341
Proposed,partial,-6.02,15,0.14925450086593628
Proposed,partial,-6.02,16,0.24993346631526947
Proposed,partial,-6.02,17,0.12072192877531052
Proposed,partial,-6.02,18,0.14981360733509064
Proposed,partial,-6.02,19,0.16849055886268616
Proposed,partial,-6.02,20,0.2663900852203369
Proposed,partial,-6.02,21,0.4248497486114502
Proposed,partial,-6.02,22,0.1331099271774292
Proposed,partial,-6.02,23,0.8087459802627563
Proposed,partial,-6.02,24,0.2015189677476883
Proposed,partial,-6.02,25,0.6402416229248047
Proposed,partial,-6.02,26,0.19965983927249908
Proposed,partial,-6.02,27,0.3178575336933136
Proposed,partial,-6.02,28,0.4208844304084778
Proposed,partial,-6.02,29,1.0432020425796509
EKF,full,0.0,0,0.009056320413947105
EKF,full,0.0,1,0.01213530171662569
EKF,full,0.0,2,0.009513883851468563
EKF,full,0.0,3,0.01212239172309637
EKF,full,0.0,4,0.011827942915260792
EKF,full,0.0,5,0.011752537451684475
EKF,full,0.0,6,0.009100972674787045
EKF,full,0.0,7,0.011773517355322838
EKF,full,0.0,8,0.010341325774788857
EKF,full,0.0,9,0.011773340404033661
EKF,full,0.0,10,0.010541815310716629
EKF,full,0.0,11,0.011208959855139256
EKF,full,0.0,12,0.010664965026080608
EKF,full,0.0,13,0.009844719432294369
EKF,full,0.0,14,0.013634753413498402
EKF,full,0.0,15,0.012685677036643028
EKF,full,0.0,16,0.013220632448792458
EKF,full,0.0,17,0.010373677127063274
EKF,full,0.0,18,0.010366201400756836
EKF,full,0.0,19,0.011380493640899658
EKF,full,0.0,20,0.010783144272863865
EKF,full,0.0,21,0.011036562733352184
EKF,full,0.0,22,0.009699493646621704
EKF,full,0.0,23,0.013623110949993134
EKF,full,0.0,24,0.011078703217208385
EKF,full,0.0,25,0.01097380556166172
EKF,full,0.0,26,0.010344612412154675
EKF,full,0.0,27,0.013311042450368404
EKF,full,0.0,28,0.00817559938877821
EKF,full,0.0,29,0.010275951586663723
REKF,full,0.0,0,0.009073317982256413
REKF,full,0.0,1,0.012216147966682911
REKF,full,0.0,2,0.009494305588304996
REKF,full,0.0,3,0.012198985554277897
REKF,full,0.0,4,0.011842294596135616
REKF,full,0.0,5,0.011775213293731213
REKF,full,0.0,6,0.009155691601336002
REKF,full,0.0,7,0.011771061457693577
REKF,full,0.0,8,0.010281187482178211
REKF,full,0.0,9,0.011765577830374241
REKF,full,0.0,10,0.010532944463193417
REKF,full,0.0,11,0.011199984699487686
REKF,full,0.0,12,0.010744617320597172
REKF,full,0.0,13,0.009836134500801563
REKF,full,0.0,14,0.013735722750425339
REKF,full,0.0,15,0.01267528161406517
REKF,full,0.0,16,0.013270719908177853
REKF,full,0.0,17,0.010411172173917294
REKF,full,0.0,18,0.010367456823587418
REKF,full,0.0,19,0.011361186392605305
REKF,full,0.0,20,0.01079386193305254
REKF,full,0.0,21,0.011072772555053234
REKF,full,0.0,22,0.009780838154256344
REKF,full,0.0,23,0.013741669245064259
REKF,full,0.0,24,0.011019663885235786
REKF,full,0.0,25,0.010988636873662472
REKF,full,0.0,26,0.01041863951832056
REKF,full,0.0,27,0.013255939818918705
REKF,full,0.0,28,0.008129013702273369
REKF,full,0.0,29,0.010294698178768158
KalmanNet,full,0.0,0,0.009203494526445866
KalmanNet,full,0.0,1,0.012481705285608768
KalmanNet,full,0.0,2,0.009635930880904198
KalmanNet,full,0.0,3,0.012096498161554337
KalmanNet,full,0.0,4,0.012184925377368927
KalmanNet,full,0.0,5,0.0118016442283988
KalmanNet,full,0.0,6,0.009406046010553837
KalmanNet,full,0.0,7,0.011950534768402576
KalmanNet,full,0.0,8,0.0104513643309474
KalmanNet,full,0.0,9,0.011581194587051868
KalmanNet,full,0.0,10,0.010398883372545242
KalmanNet,full,0.0,11,0.01106918603181839
KalmanNet,full,0.0,12,0.010920588858425617
KalmanNet,full,0.0,13,0.009923462755978107
KalmanNet,full,0.0,14,0.014395621605217457
KalmanNet,full,0.0,15,0.012667414732277393
KalmanNet,full,0.0,16,0.0134558891877532
KalmanNet,full,0.0,17,0.0102199986577034
KalmanNet,full,0.0,18,0.010627848096191883
KalmanNet,full,0.0,19,0.011426130309700966
KalmanNet,full,0.0,20,0.010831829160451889
KalmanNet,full,0.0,21,0.011003434658050537
KalmanNet,full,0.0,22,0.009403431788086891
KalmanNet,full,0.0,23,0.013837525621056557
KalmanNet,full,0.0,24,0.011080926284193993
KalmanNet,full,0.0,25,0.010731004178524017
KalmanNet,full,0.0,26,0.010662192478775978
KalmanNet,full,0.0,27,0.01295468583703041
KalmanNet,full,0.0,28,0.008118530735373497
KalmanNet,full,0.0,29,0.010438673198223114
Original,full,0.0,0,0.009452719241380692
Original,full,0.0,1,0.01286757830530405
Original,full,0.0,2,0.009854541160166264
Original,full,0.0,3,0.012782428413629532
Original,full,0.0,4,0.012276644818484783
Original,full,0.0,5,0.012191279791295528
Original,full,0.0,6,0.00968885887414217
Original,full,0.0,7,0.012028229422867298
Original,full,0.0,8,0.010412070900201797
Original,full,0.0,9,0.012029634788632393
Original,full,0.0,10,0.010792269371449947
Original,full,0.0,11,0.011432277970016003
Original,full,0.0,12,0.011466789990663528
Original,full,0.0,13,0.010193746536970139
Original,full,0.0,14,0.01415852177888155
Original,full,0.0,15,0.012906903401017189
Original,full,0.0,16,0.01390541810542345
Original,full,0.0,17,0.010809635743498802
Original,full,0.0,18,0.01046328991651535
Original,full,0.0,19,0.011580643244087696
Original,full,0.0,20,0.011039364151656628
Original,full,0.0,21,0.011556281708180904
Original,full,0.0,22,0.010348349809646606
Original,full,0.0,23,0.014421670697629452
Original,full,0.0,24,0.011019178666174412
Original,full,0.0,25,0.011378049850463867
Original,full,0.0,26,0.010957937687635422
Original,full,0.0,27,0.013319522142410278
Original,full,0.0,28,0.00824179220944643
Original,full,0.0,29,0.010636545717716217
Proposed,full,0.0,0,0.009103701449930668
Proposed,full,0.0,1,0.012280028313398361
Proposed,full,0.0,2,0.009531739167869091
Proposed,full,0.0,3,0.012251850217580795
Proposed,full,0.0,4,0.011875353753566742
Proposed,full,0.0,5,0.011806286871433258
Proposed,full,0.0,6,0.009231477044522762
Proposed,full,0.0,7,0.011781126260757446
Proposed,full,0.0,8,0.010262788273394108
Proposed,full,0.0,9,0.011789419688284397
Proposed,full,0.0,10,0.010542118921875954
Proposed,full,0.0,11,0.011222083121538162
Proposed,full,0.0,12,0.010820562019944191
Proposed,full,0.0,13,0.009858904406428337
Proposed,full,0.0,14,0.013766408897936344
Proposed,full,0.0,15,0.01269223727285862
Proposed,full,0.0,16,0.013333474285900593
Proposed,full,0.0,17,0.010435529053211212
Proposed,full,0.0,18,0.010362650267779827
Proposed,full,0.0,19,0.011381392367184162
Proposed,full,0.0,20,0.010805318132042885
Proposed,full,0.0,21,0.01110447384417057
Proposed,full,0.0,22,0.009824649430811405
Proposed,full,0.0,23,0.01383038517087698
Proposed,full,0.0,24,0.011009289883077145
Proposed,full,0.0,25,0.011035128496587276
Proposed,full,0.0,26,0.010456448420882225
Proposed,full,0.0,27,0.013225691393017769
Proposed,full,0.0,28,0.008120166137814522
Proposed,full,0.0,29,0.010305936448276043
EKF,partial,0.0,0,0.13892130553722382
EKF,partial,0.0,1,0.152633935213089
EKF,partial,0.0,2,0.12846748530864716
EKF,partial,0.0,3,0.14763614535331726
EKF,partial,0.0,4,0.15866431593894958
EKF,partial,0.0,5,0.14930471777915955
EKF,partial,0.0,6,0.1553877294063568
EKF,partial,0.0,7,0.16839666664600372
EKF,partial,0.0,8,0.14456702768802643
EKF,partial,0.0,9,0.12607772648334503
EKF,partial,0.0,10,0.1431998312473297
EKF,partial,0.0,11,0.14663079380989075
EKF,partial,0.0,12,0.17413461208343506
EKF,partial,0.0,13,0.14472444355487823
EKF,partial,0.0,14,0.17148344218730927
EKF,partial,0.0,15,0.13073626160621643
EKF,partial,0.0,16,0.16338518261909485
EKF,partial,0.0,17,0.12094655632972717
EKF,partial,0.0,18,0.13467873632907867
EKF,partial,0.0,19,0.1461622565984726
EKF,partial,0.0,20,0.15476694703102112
EKF,partial,0.0,21,0.15174275636672974
EKF,partial,0.0,22,0.12467034161090851
EKF,partial,0.0,23,0.15128467977046967
EKF,partial,0.0,24,0.14114610850811005
EKF,partial,0.0,25,0.17607516050338745
EKF,partial,0.0,26,0.15513893961906433
EKF,partial,0.0,27,0.15339811146259308
EKF,partial,0.0,28,0.13914403319358826
EKF,partial,0.0,29,0.15303181111812592
REKF,partial,0.0,0,0.13940025866031647
REKF,partial,0.0,1,0.5474073886871338
REKF,partial,0.0,2,0.07372195273637772
REKF,partial,0.0,3,0.8595434427261353
REKF,partial,0.0,4,0.09610926359891891
REKF,partial,0.0,5,0.5390795469284058
REKF,partial,0.0,6,0.10851506888866425
REKF,partial,0.0,7,0.9582179188728333
REKF,partial,0.0,8,0.807912290096283
REKF,partial,0.0,9,0.08584113419055939
REKF,partial,0.0,10,0.07487507164478302
REKF,partial,0.0,11,0.08098524063825607
REKF,partial,0.0,12,0.8169240355491638
REKF,partial,0.0,13,0.08000582456588745
REKF,partial,0.0,14,0.8104093074798584
REKF,partial,0.0,15,0.06844233721494675
REKF,partial,0.0,16,0.36197787523269653
REKF,partial,0.0,17,0.06535333395004272
REKF,partial,0.0,18,0.06798619031906128
REKF,partial,0.0,19,0.0827682688832283
REKF,partial,0.0,20,0.09555002301931381
REKF,partial,0.0,21,0.7115680575370789
REKF,partial,0.0,22,0.06684208661317825
REKF,partial,0.0,23,0.7478160262107849
REKF,partial,0.0,24,0.10263555496931076
REKF,partial,0.0,25,0.7485370635986328
REKF,partial,0.0,26,0.5688203573226929
REKF,partial,0.0,27,0.47147732973098755
REKF,partial,0.0,28,0.5445617437362671
REKF,partial,0.0,29,1.4242162704467773
KalmanNet,partial,0.0,0,0.020530514419078827
KalmanNet,partial,0.0,1,0.02944496087729931
KalmanNet,partial,0.0,2,0.019947195425629616
KalmanNet,partial,0.0,3,0.02593984827399254
KalmanNet,partial,0.0,4,0.020451989024877548
KalmanNet,partial,0.0,5,0.02057579718530178
KalmanNet,partial,0.0,6,0.01913740485906601
KalmanNet,partial,0.0,7,0.0239749476313591
KalmanNet,partial,0.0,8,0.022918593138456345
KalmanNet,partial,0.0,9,0.026919348165392876
KalmanNet,partial,0.0,10,0.02143869549036026
KalmanNet,partial,0.0,11,0.020677711814641953
KalmanNet,partial,0.0,12,0.026204653084278107
KalmanNet,partial,0.0,13,0.01739491894841194
KalmanNet,partial,0.0,14,0.03175647184252739
KalmanNet,partial,0.0,15,0.019324559718370438
KalmanNet,partial,0.0,16,0.027087559923529625
KalmanNet,partial,0.0,17,0.017859838902950287
KalmanNet,partial,0.0,18,0.019483568146824837
KalmanNet,partial,0.0,19,0.02274635061621666
KalmanNet,partial,0.0,20,0.019044721499085426
KalmanNet,partial,0.0,21,0.020313261076807976
KalmanNet,partial,0.0,22,0.020045669749379158
KalmanNet,partial,0.0,23,0.022622253745794296
KalmanNet,partial,0.0,24,0.021367637440562248
KalmanNet,partial,0.0,25,0.021044796332716942
KalmanNet,partial,0.0,26,0.02109323814511299
KalmanNet,partial,0.0,27,0.02542205899953842
KalmanNet,partial,0.0,28,0.01878652721643448
KalmanNet,partial,0.0,29,0.017824385315179825
Original,partial,0.0,0,0.3463629186153412
Original,partial,0.0,1,0.5476205348968506
Original,partial,0.0,2,0.08166548609733582
Original,partial,0.0,3,0.8110730648040771
Original,partial,0.0,4,0.10122371464967728
Original,partial,0.0,5,0.09119798988103867
Original,partial,0.0,6,0.6728820204734802
Original,partial,0.0,7,0.663373589515686
Original,partial,0.0,8,0.855893075466156
Original,partial,0.0,9,0.0818219929933548
Original,partial,0.0,10,0.07357101887464523
Original,partial,0.0,11,0.07732245326042175
Original,partial,0.0,12,0.6820562481880188
Original,partial,0.0,13,0.0812683030962944
Original,partial,0.0,14,0.9361669421195984
Original,partial,0.0,15,0.07171468436717987
Original,partial,0.0,16,0.4185589551925659
Original,partial,0.0,17,0.06709069758653641
Original,partial,0.0,18,0.0654221922159195
Original,partial,0.0,19,1.188279151916504
Original,partial,0.0,20,0.9685476422309875
Original,partial,0.0,21,0.9308387637138367
Original,partial,0.0,22,0.07134659588336945
Original,partial,0.0,23,0.35865989327430725
Original,partial,0.0,24,0.8797691464424133
Original,partial,0.0,25,0.8730698227882385
Original,partial,0.0,26,0.5881876945495605
Original,partial,0.0,27,1.249701738357544
Original,partial,0.0,28,0.5754813551902771
Original,partial,0.0,29,1.5843963623046875
Proposed,partial,0.0,0,0.0893886387348175
Proposed,partial,0.0,1,0.5816362500190735
Proposed,partial,0.0,2,0.07537929713726044
Proposed,partial,0.0,3,1.395115613937378
Proposed,partial,0.0,4,0.09950339049100876
Proposed,partial,0.0,5,0.09182234108448029
Proposed,partial,0.0,6,0.10287394374608994
Proposed,partial,0.0,7,0.11371850967407227
Proposed,partial,0.0,8,0.7662309408187866
Proposed,partial,0.0,9,0.09476369619369507
Proposed,partial,0.0,10,0.08269146829843521
Proposed,partial,0.0,11,0.08851265162229538
Proposed,partial,0.0,12,0.14720496535301208
Proposed,partial,0.0,13,0.08623041957616806
Proposed,partial,0.0,14,0.12382184714078903
Proposed,partial,0.0,15,0.07454685866832733
Proposed,partial,0.0,16,0.575694739818573
Proposed,partial,0.0,17,0.06871481239795685
Proposed,partial,0.0,18,0.07663354277610779
Proposed,partial,0.0,19,0.08447660505771637
Proposed,partial,0.0,20,0.09942165017127991
Proposed,partial,0.0,21,0.11559098958969116
Proposed,partial,0.0,22,0.06983436644077301
Proposed,partial,0.0,23,0.9581767916679382
Proposed,partial,0.0,24,0.09369982779026031
Proposed,partial,0.0,25,1.2527036666870117
Proposed,partial,0.0,26,0.09593772888183594
Proposed,partial,0.0,27,0.44499725103378296
Proposed,partial,0.0,28,0.087870292365551
Proposed,partial,0.0,29,0.11502548307180405
EKF,full,10.0,0,0.0009126208606176078
EKF,full,10.0,1,0.0011988632613793015
EKF,full,10.0,2,0.0009295656345784664
EKF,full,10.0,3,0.0011596811236813664
EKF,full,10.0,4,0.0011947269085794687
EKF,full,10.0,5,0.001149653922766447
EKF,full,10.0,6,0.0009046724298968911
EKF,full,10.0,7,0.0011623327154666185
EKF,full,10.0,8,0.0010350658558309078
EKF,full,10.0,9,0.001128047821111977
EKF,full,10.0,10,0.0010463001672178507
EKF,full,10.0,11,0.0010851473780348897
EKF,full,10.0,12,0.0010775065748021007
EKF,full,10.0,13,0.0009848035406321287
EKF,full,10.0,14,0.0013427934609353542
EKF,full,10.0,15,0.0012276401976123452
EKF,full,10.0,16,0.001313692075200379
EKF,full,10.0,17,0.0009844045853242278
EKF,full,10.0,18,0.0010066733229905367
EKF,full,10.0,19,0.0011524909641593695
EKF,full,10.0,20,0.0010620317189022899
EKF,full,10.0,21,0.00108625169377774
EKF,full,10.0,22,0.0009393715881742537
EKF,full,10.0,23,0.001319113769568503
EKF,full,10.0,24,0.0010774120455607772
EKF,full,10.0,25,0.0010645410511642694
EKF,full,10.0,26,0.0010525676188990474
EKF,full,10.0,27,0.0012749512679874897
EKF,full,10.0,28,0.0008158536511473358
EKF,full,10.0,29,0.000999779673293233
REKF,full,10.0,0,0.0009140396141447127
REKF,full,10.0,1,0.001204752828925848
REKF,full,10.0,2,0.0009302531834691763
REKF,full,10.0,3,0.0011649312218651175
REKF,full,10.0,4,0.001196700963191688
REKF,full,10.0,5,0.0011516722152009606
REKF,full,10.0,6,0.00090902263764292
REKF,full,10.0,7,0.0011634998954832554
REKF,full,10.0,8,0.0010330523364245892
REKF,full,10.0,9,0.0011277809971943498
REKF,full,10.0,10,0.001046447199769318
REKF,full,10.0,11,0.0010859922040253878
REKF,full,10.0,12,0.0010837605223059654
REKF,full,10.0,13,0.0009852017974480987
REKF,full,10.0,14,0.0013446463271975517
REKF,full,10.0,15,0.0012267885031178594
REKF,full,10.0,16,0.0013182193506509066
REKF,full,10.0,17,0.0009879538556560874
REKF,full,10.0,18,0.0010037351166829467
REKF,full,10.0,19,0.0011506658047437668
REKF,full,10.0,20,0.0010615658247843385
REKF,full,10.0,21,0.001089927856810391
REKF,full,10.0,22,0.0009439109126105905
REKF,full,10.0,23,0.0013262223219498992
REKF,full,10.0,24,0.0010727244662120938
REKF,full,10.0,25,0.001066079013980925
REKF,full,10.0,26,0.0010568503057584167
REKF,full,10.0,27,0.0012733073672279716
REKF,full,10.0,28,0.0008134105592034757
REKF,full,10.0,29,0.0010004404466599226
KalmanNet,full,10.0,0,0.0009182816720567644
KalmanNet,full,10.0,1,0.0012097556609660387
KalmanNet,full,10.0,2,0.0009426396572962403
KalmanNet,full,10.0,3,0.0011638063006103039
KalmanNet,full,10.0,4,0.0012218065094202757
KalmanNet,full,10.0,5,0.0011546625755727291
KalmanNet,full,10.0,6,0.0009204811067320406
KalmanNet,full,10.0,7,0.0011734161525964737
KalmanNet,full,10.0,8,0.0010450263507664204
KalmanNet,full,10.0,9,0.0011240292806178331
KalmanNet,full,10.0,10,0.001036726520396769
KalmanNet,full,10.0,11,0.0010643948335200548
KalmanNet,full,10.0,12,0.0010883904760703444
KalmanNet,full,10.0,13,0.0009926154743880033
KalmanNet,full,10.0,14,0.0013982002856209874
KalmanNet,full,10.0,15,0.0012283246032893658
KalmanNet,full,10.0,16,0.0013261869316920638
KalmanNet,full,10.0,17,0.0009759936365298927
KalmanNet,full,10.0,18,0.0010300778085365891
KalmanNet,full,10.0,19,0.0011469669407233596
KalmanNet,full,10.0,20,0.00107714650221169
KalmanNet,full,10.0,21,0.0010911193676292896
KalmanNet,full,10.0,22,0.0009360539843328297
KalmanNet,full,10.0,23,0.00133851682767272
KalmanNet,full,10.0,24,0.0010782410390675068
KalmanNet,full,10.0,25,0.001055732136592269
KalmanNet,full,10.0,26,0.0010858047753572464
KalmanNet,full,10.0,27,0.0012607998214662075
KalmanNet,full,10.0,28,0.0008106124587357044
KalmanNet,full,10.0,29,0.0010030984412878752
Original,full,10.0,0,0.0009517653961665928
Original,full,10.0,1,0.001273991190828383
Original,full,10.0,2,0.0009645192185416818
Original,full,10.0,3,0.0012274531181901693
Original,full,10.0,4,0.0012376140803098679
Original,full,10.0,5,0.0011924454011023045
Original,full,10.0,6,0.000966105901170522
Original,full,10.0,7,0.0011983243748545647
Original,full,10.0,8,0.001045051496475935
Original,full,10.0,9,0.0011553822550922632
Original,full,10.0,10,0.001074992585927248
Original,full,10.0,11,0.0011123728472739458
Original,full,10.0,12,0.0011573823867365718
Original,full,10.0,13,0.001018520793877542
Original,full,10.0,14,0.0013891026610508561
Original,full,10.0,15,0.0012500750599429011
Original,full,10.0,16,0.001380440196953714
Original,full,10.0,17,0.0010311289224773645
Original,full,10.0,18,0.0010100919753313065
Original,full,10.0,19,0.0011699646711349487
Original,full,10.0,20,0.001084211515262723
Original,full,10.0,21,0.0011437818175181746
Original,full,10.0,22,0.0010034372098743916
Original,full,10.0,23,0.0013996452325955033
Original,full,10.0,24,0.0010707528563216329
Original,full,10.0,25,0.0011079685064032674
Original,full,10.0,26,0.0011129748309031129
Original,full,10.0,27,0.001290632295422256
Original,full,10.0,28,0.0008243010961450636
Original,full,10.0,29,0.0010346237104386091
Proposed,full,10.0,0,0.0009388775215484202
Proposed,full,10.0,1,0.0012535220012068748
Proposed,full,10.0,2,0.0009526347857899964
Proposed,full,10.0,3,0.0012087810318917036
Proposed,full,10.0,4,0.0012242622906342149
Proposed,full,10.0,5,0.0011788344709202647
Proposed,full,10.0,6,0.0009495379053987563
Proposed,full,10.0,7,0.0011863328982144594
Proposed,full,10.0,8,0.001038293237797916
Proposed,full,10.0,9,0.0011452094186097383
Proposed,full,10.0,10,0.0010643540881574154
Proposed,full,10.0,11,0.0011033345945179462
Proposed,full,10.0,12,0.001135696074925363
Proposed,full,10.0,13,0.001006202190183103
Proposed,full,10.0,14,0.0013738778652623296
Proposed,full,10.0,15,0.001240818528458476
Proposed,full,10.0,16,0.0013613260816782713
Proposed,full,10.0,17,0.0010181937832385302
Proposed,full,10.0,18,0.001004774821922183
Proposed,full,10.0,19,0.001161294523626566
Proposed,full,10.0,20,0.0010752215748652816
Proposed,full,10.0,21,0.0011268211528658867
Proposed,full,10.0,22,0.0009850028436630964
Proposed,full,10.0,23,0.001378918532282114
Proposed,full,10.0,24,0.0010673024225980043
Proposed,full,10.0,25,0.0010943342931568623
Proposed,full,10.0,26,0.001095395884476602
Proposed,full,10.0,27,0.0012823834549635649
Proposed,full,10.0,28,0.0008179259020835161
Proposed,full,10.0,29,0.0010219670366495848
EKF,partial,10.0,0,0.13341087102890015
EKF,partial,10.0,1,0.136259064078331
EKF,partial,10.0,2,0.13077737390995026
EKF,partial,10.0,3,0.13403025269508362
EKF,partial,10.0,4,0.1397646814584732
EKF,partial,10.0,5,0.136275976896286
EKF,partial,10.0,6,0.13844460248947144
EKF,partial,10.0,7,0.1416221261024475
EKF,partial,10.0,8,0.1345108449459076
EKF,partial,10.0,9,0.1283288300037384
EKF,partial,10.0,10,0.13509903848171234
EKF,partial,10.0,11,0.1362532675266266
EKF,partial,10.0,12,0.1422618329524994
EKF,partial,10.0,13,0.13574008643627167
EKF,partial,10.0,14,0.1420293152332306
EKF,partial,10.0,15,0.13061006367206573
EKF,partial,10.0,16,0.13878047466278076
EKF,partial,10.0,17,0.12863655388355255
EKF,partial,10.0,18,0.13278456032276154
EKF,partial,10.0,19,0.13673938810825348
EKF,partial,10.0,20,0.13942116498947144
EKF,partial,10.0,21,0.13727806508541107
EKF,partial,10.0,22,0.12924955785274506
EKF,partial,10.0,23,0.13550187647342682
EKF,partial,10.0,24,0.13435320556163788
EKF,partial,10.0,25,0.14280450344085693
EKF,partial,10.0,26,0.13867157697677612
EKF,partial,10.0,27,0.13694052398204803
EKF,partial,10.0,28,0.13420087099075317
EKF,partial,10.0,29,0.136875718832016
REKF,partial,10.0,0,0.032979439944028854
REKF,partial,10.0,1,0.03790486976504326
REKF,partial,10.0,2,0.03231776878237724
REKF,partial,10.0,3,0.03989589586853981
REKF,partial,10.0,4,0.03605971485376358
REKF,partial,10.0,5,0.03188043460249901
REKF,partial,10.0,6,0.03798195719718933
REKF,partial,10.0,7,0.03838365897536278
REKF,partial,10.0,8,0.03248758614063263
REKF,partial,10.0,9,0.03463517129421234
REKF,partial,10.0,10,0.03152567893266678
REKF,partial,10.0,11,0.03393138572573662
REKF,partial,10.0,12,0.043725743889808655
REKF,partial,10.0,13,0.03544285520911217
REKF,partial,10.0,14,0.03826034441590309
REKF,partial,10.0,15,0.029764637351036072
REKF,partial,10.0,16,0.04140787199139595
REKF,partial,10.0,17,0.030625341460108757
REKF,partial,10.0,18,0.031017500907182693
REKF,partial,10.0,19,0.033980175852775574
REKF,partial,10.0,20,0.03556596860289574
REKF,partial,10.0,21,0.03954295814037323
REKF,partial,10.0,22,0.030880164355039597
REKF,partial,10.0,23,0.03489180654287338
REKF,partial,10.0,24,0.03530607745051384
REKF,partial,10.0,25,0.04489939287304878
REKF,partial,10.0,26,0.03497341275215149
REKF,partial,10.0,27,0.04037460312247276
REKF,partial,10.0,28,0.031918641179800034
REKF,partial,10.0,29,0.036922428756952286
KalmanNet,partial,10.0,0,0.011176718398928642
KalmanNet,partial,10.0,1,0.011842433363199234
KalmanNet,partial,10.0,2,0.014408587478101254
KalmanNet,partial,10.0,3,0.011932946741580963
KalmanNet,partial,10.0,4,0.012773207388818264
KalmanNet,partial,10.0,5,0.01159399002790451
KalmanNet,partial,10.0,6,0.01229106169193983
KalmanNet,partial,10.0,7,0.014917994849383831
KalmanNet,partial,10.0,8,0.010025457479059696
KalmanNet,partial,10.0,9,0.011858426034450531
KalmanNet,partial,10.0,10,0.010621740482747555
KalmanNet,partial,10.0,11,0.010766289196908474
KalmanNet,partial,10.0,12,0.016620060428977013
KalmanNet,partial,10.0,13,0.010075475089251995
KalmanNet,partial,10.0,14,0.0171723160892725
KalmanNet,partial,10.0,15,0.011245357804000378
KalmanNet,partial,10.0,16,0.013699419796466827
KalmanNet,partial,10.0,17,0.0068318890407681465
KalmanNet,partial,10.0,18,0.008409424684941769
KalmanNet,partial,10.0,19,0.013317576609551907
KalmanNet,partial,10.0,20,0.012381216511130333
KalmanNet,partial,10.0,21,0.014008326455950737
KalmanNet,partial,10.0,22,0.011222549714148045
KalmanNet,partial,10.0,23,0.014138404279947281
KalmanNet,partial,10.0,24,0.011226991191506386
KalmanNet,partial,10.0,25,0.019094737246632576
KalmanNet,partial,10.0,26,0.012823346070945263
KalmanNet,partial,10.0,27,0.01303238607943058
KalmanNet,partial,10.0,28,0.012649808079004288
KalmanNet,partial,10.0,29,0.012252051383256912
Original,partial,10.0,0,0.0402260348200798
Original,partial,10.0,1,0.04468456283211708
Original,partial,10.0,2,0.03832864388823509
Original,partial,10.0,3,0.04569971561431885
Original,partial,10.0,4,0.043879035860300064
Original,partial,10.0,5,0.03931427001953125
Original,partial,10.0,6,0.04462030529975891
Original,partial,10.0,7,0.045554790645837784
Original,partial,10.0,8,0.04048836603760719
Original,partial,10.0,9,0.04114610329270363
Original,partial,10.0,10,0.039608184248209
Original,partial,10.0,11,0.0406951904296875
Original,partial,10.0,12,0.050084423273801804
Original,partial,10.0,13,0.04223767668008804
Original,partial,10.0,14,0.04595561325550079
Original,partial,10.0,15,0.03741113841533661
Original,partial,10.0,16,0.04748959466814995
Original,partial,10.0,17,0.03887598589062691
Original,partial,10.0,18,0.03821340948343277
Original,partial,10.0,19,0.042164161801338196
Original,partial,10.0,20,0.04349898174405098
Original,partial,10.0,21,0.046037305146455765
Original,partial,10.0,22,0.03773130476474762
Original,partial,10.0,23,0.041994620114564896
Original,partial,10.0,24,0.04180484637618065
Original,partial,10.0,25,0.05167501047253609
Original,partial,10.0,26,0.042663391679525375
Original,partial,10.0,27,0.04717874526977539
Original,partial,10.0,28,0.04019015282392502
Original,partial,10.0,29,0.04366898909211159
Proposed,partial,10.0,0,0.033045362681150436
Proposed,partial,10.0,1,0.03798166662454605
Proposed,partial,10.0,2,0.03237788751721382
Proposed,partial,10.0,3,0.03993740677833557
Proposed,partial,10.0,4,0.036106497049331665
Proposed,partial,10.0,5,0.031872574239969254
Proposed,partial,10.0,6,0.03803766518831253
Proposed,partial,10.0,7,0.03847980871796608
Proposed,partial,10.0,8,0.03256994113326073
Proposed,partial,10.0,9,0.034723710268735886
Proposed,partial,10.0,10,0.031608033925294876
Proposed,partial,10.0,11,0.03399521857500076
Proposed,partial,10.0,12,0.043777842074632645
Proposed,partial,10.0,13,0.03550684079527855
Proposed,partial,10.0,14,0.038347579538822174
Proposed,partial,10.0,15,0.029810499399900436
Proposed,partial,10.0,16,0.04142926260828972
Proposed,partial,10.0,17,0.030712926760315895
Proposed,partial,10.0,18,0.03108515776693821
Proposed,partial,10.0,19,0.034101031720638275
Proposed,partial,10.0,20,0.03563408926129341
Proposed,partial,10.0,21,0.03961903601884842
Proposed,partial,10.0,22,0.030998535454273224
Proposed,partial,10.0,23,0.034915756434202194
Proposed,partial,10.0,24,0.035352081060409546
Proposed,partial,10.0,25,0.04495510458946228
Proposed,partial,10.0,26,0.03501231595873833
Proposed,partial,10.0,27,0.04045132175087929
Proposed,partial,10.0,28,0.0320337750017643
Proposed,partial,10.0,29,0.03700316324830055
